epoch;loss;val_loss
0;7.2942309640248615;3.107694505691528
