epoch;loss;val_loss
0;212000930203.2042;18162989.536125
1;1012554.2369101562;17327545.533875
0;16495300.550506063;800.571956152916
1;2795.058780525071;237.4016741768519
2;8.842527937207903;224.9477874326706
3;7.580051031793867;213.97702449321747
